{"nm":"branch 1/tree","ddd":0,"h":400,"w":400,"meta":{"g":"@lottiefiles/toolkit-js 0.33.2"},"layers":[{"ty":4,"nm":"leaf 1/tree Outlines","sr":1,"st":2.00000008146167,"op":100.000004073084,"ip":72.0000029326201,"hd":false,"ddd":0,"bm":0,"hasMask":false,"ao":0,"ks":{"a":{"a":0,"k":[174,183,0],"ix":1},"s":{"a":1,"k":[{"o":{"x":0.333,"y":0},"i":{"x":0.667,"y":1},"s":[10.194,14.558,100],"t":72},{"o":{"x":0.167,"y":0.167},"i":{"x":0.833,"y":0.833},"s":[126.461,127.463,100],"t":74},{"s":[100,100,100],"t":77.0000031362743}],"ix":6},"sk":{"a":0,"k":0},"p":{"a":0,"k":[174.5,183.5,0],"ix":2},"r":{"a":0,"k":0,"ix":10},"sa":{"a":0,"k":0},"o":{"a":0,"k":100,"ix":11}},"ef":[],"shapes":[{"ty":"gr","bm":0,"hd":false,"mn":"ADBE Vector Group","nm":"Group 1","ix":1,"cix":2,"np":2,"it":[{"ty":"sh","bm":0,"hd":false,"mn":"ADBE Vector Shape - Group","nm":"Path 1","ix":1,"d":1,"ks":{"a":0,"k":{"c":true,"i":[[2.237,0.49],[-0.233,0.52],[-7.039,6.956],[-13.811,-4.767],[-1.851,-0.907],[0.5,-3.331],[15.396,-3.301],[9.625,1.654]],"o":[[0.227,-1.105],[3.999,-8.92],[10.508,-10.384],[1.947,0.672],[2.95,1.446],[-2.31,15.405],[-9.685,2.076],[-2.094,-0.359]],"v":[[-30.956,17.698],[-30.48,15.455],[-14.65,-8.811],[21.887,-16.873],[27.584,-14.454],[30.456,-8.977],[4.398,19.564],[-24.561,19.084]]},"ix":2}},{"ty":"fl","bm":0,"hd":false,"mn":"ADBE Vector Graphic - Fill","nm":"Fill 1","c":{"a":0,"k":[0.2196,0.4157,0.6824],"ix":4},"r":1,"o":{"a":0,"k":100,"ix":5}},{"ty":"tr","a":{"a":0,"k":[0,0],"ix":1},"s":{"a":0,"k":[100,100],"ix":3},"sk":{"a":0,"k":0,"ix":4},"p":{"a":0,"k":[142.599,195.002],"ix":2},"r":{"a":0,"k":0,"ix":6},"sa":{"a":0,"k":0,"ix":5},"o":{"a":0,"k":100,"ix":7}}]}],"ind":1},{"ty":4,"nm":"leaf 2/tree Outlines","sr":1,"st":4.00000016292334,"op":100.000004073084,"ip":74.0000030140818,"hd":false,"ddd":0,"bm":0,"hasMask":false,"ao":0,"ks":{"a":{"a":0,"k":[162,155,0],"ix":1},"s":{"a":1,"k":[{"o":{"x":0.333,"y":0},"i":{"x":0.667,"y":1},"s":[12.34,17.766,100],"t":74},{"o":{"x":0.167,"y":0.167},"i":{"x":0.833,"y":0.833},"s":[127.205,117.444,100],"t":76},{"s":[100,100,100],"t":79.000003217736}],"ix":6},"sk":{"a":0,"k":0},"p":{"a":0,"k":[163,155,0],"ix":2},"r":{"a":0,"k":0,"ix":10},"sa":{"a":0,"k":0},"o":{"a":0,"k":100,"ix":11}},"ef":[],"shapes":[{"ty":"gr","bm":0,"hd":false,"mn":"ADBE Vector Group","nm":"Group 1","ix":1,"cix":2,"np":2,"it":[{"ty":"sh","bm":0,"hd":false,"mn":"ADBE Vector Shape - Group","nm":"Path 1","ix":1,"d":1,"ks":{"a":0,"k":{"c":true,"i":[[0.116,0.448],[-0.445,0.355],[-7.955,2.925],[-10.318,-13.65],[1.665,-2.532],[13.82,3.618],[8.646,6.999],[0.106,0.212]],"o":[[0.281,-0.355],[6.579,-5.247],[17.489,-6.43],[1.844,2.44],[-7.888,11.995],[-10.942,-2.866],[-0.183,-0.149],[-0.104,-0.208]],"v":[[-32.648,-0.306],[-31.633,-1.564],[-10.16,-14.415],[30.805,-1.552],[30.904,3.979],[-3.259,17.227],[-31.96,1.167],[-32.404,0.597]]},"ix":2}},{"ty":"fl","bm":0,"hd":false,"mn":"ADBE Vector Graphic - Fill","nm":"Fill 1","c":{"a":0,"k":[0.2196,0.4157,0.6824],"ix":4},"r":1,"o":{"a":0,"k":100,"ix":5}},{"ty":"tr","a":{"a":0,"k":[0,0],"ix":1},"s":{"a":0,"k":[100,100],"ix":3},"sk":{"a":0,"k":0,"ix":4},"p":{"a":0,"k":[128.483,152.001],"ix":2},"r":{"a":0,"k":0,"ix":6},"sa":{"a":0,"k":0,"ix":5},"o":{"a":0,"k":100,"ix":7}}]}],"ind":2},{"ty":4,"nm":"leaf 3/tree Outlines","sr":1,"st":6.00000024438501,"op":100.000004073084,"ip":76.0000030955435,"hd":false,"ddd":0,"bm":0,"hasMask":false,"ao":0,"ks":{"a":{"a":0,"k":[160,120,0],"ix":1},"s":{"a":1,"k":[{"o":{"x":0.333,"y":0},"i":{"x":0.667,"y":1},"s":[18.401,17.328,100],"t":76},{"o":{"x":0.167,"y":0.167},"i":{"x":0.833,"y":0.833},"s":[139.076,132.035,100],"t":78},{"s":[100,100,100],"t":81.0000032991976}],"ix":6},"sk":{"a":0,"k":0},"p":{"a":0,"k":[158.5,119.5,0],"ix":2},"r":{"a":0,"k":0,"ix":10},"sa":{"a":0,"k":0},"o":{"a":0,"k":100,"ix":11}},"ef":[],"shapes":[{"ty":"gr","bm":0,"hd":false,"mn":"ADBE Vector Group","nm":"Group 1","ix":1,"cix":2,"np":2,"it":[{"ty":"sh","bm":0,"hd":false,"mn":"ADBE Vector Shape - Group","nm":"Path 1","ix":1,"d":1,"ks":{"a":0,"k":{"c":true,"i":[[1.804,6.532],[0.48,5.626],[-2.605,-0.472],[-7.935,-4.991],[0.699,-12.944],[0.26,-2.247],[2.525,-0.29],[7.37,10.158]],"o":[[-0.638,-5.612],[-0.228,-2.666],[9.078,1.647],[11.038,6.943],[-0.121,2.253],[-0.287,2.47],[-11.985,1.378],[-3.997,-5.509]],"v":[[-20.522,-5.71],[-22.389,-22.551],[-19.316,-25.306],[6.53,-16.301],[21.918,13.582],[21.099,20.318],[16.983,24.4],[-12.587,12.612]]},"ix":2}},{"ty":"fl","bm":0,"hd":false,"mn":"ADBE Vector Graphic - Fill","nm":"Fill 1","c":{"a":0,"k":[0.2196,0.4157,0.6824],"ix":4},"r":1,"o":{"a":0,"k":100,"ix":5}},{"ty":"tr","a":{"a":0,"k":[0,0],"ix":1},"s":{"a":0,"k":[100,100],"ix":3},"sk":{"a":0,"k":0,"ix":4},"p":{"a":0,"k":[138.924,97.073],"ix":2},"r":{"a":0,"k":0,"ix":6},"sa":{"a":0,"k":0,"ix":5},"o":{"a":0,"k":100,"ix":7}}]}],"ind":3},{"ty":4,"nm":"leaf 4/tree Outlines","sr":1,"st":8.00000032584668,"op":100.000004073084,"ip":78.0000031770051,"hd":false,"ddd":0,"bm":0,"hasMask":false,"ao":0,"ks":{"a":{"a":0,"k":[214,141,0],"ix":1},"s":{"a":1,"k":[{"o":{"x":0.333,"y":0},"i":{"x":0.667,"y":1},"s":[13.67,13.67,100],"t":78},{"o":{"x":0.167,"y":0.167},"i":{"x":0.833,"y":0.833},"s":[123.207,123.207,100],"t":80},{"s":[100,100,100],"t":83.0000033806593}],"ix":6},"sk":{"a":0,"k":0},"p":{"a":0,"k":[214.5,143,0],"ix":2},"r":{"a":0,"k":0,"ix":10},"sa":{"a":0,"k":0},"o":{"a":0,"k":100,"ix":11}},"ef":[],"shapes":[{"ty":"gr","bm":0,"hd":false,"mn":"ADBE Vector Group","nm":"Group 1","ix":1,"cix":2,"np":2,"it":[{"ty":"sh","bm":0,"hd":false,"mn":"ADBE Vector Shape - Group","nm":"Path 1","ix":1,"d":1,"ks":{"a":0,"k":{"c":true,"i":[[0.245,6.536],[-0.796,5.39],[-2.341,-1.022],[-6.346,-6.448],[3.527,-12.002],[0.744,-2.053],[2.436,0.287],[4.668,11.177]],"o":[[0.646,-5.413],[0.378,-2.555],[8.162,3.561],[8.827,8.969],[-0.614,2.09],[-0.817,2.257],[-11.563,-1.366],[-2.532,-6.061]],"v":[[-19.554,-8.865],[-17.572,-25.096],[-14.075,-27.002],[8.204,-12.81],[16.027,18.67],[13.762,24.815],[8.991,27.737],[-16.166,10.104]]},"ix":2}},{"ty":"fl","bm":0,"hd":false,"mn":"ADBE Vector Graphic - Fill","nm":"Fill 1","c":{"a":0,"k":[0.2196,0.4157,0.6824],"ix":4},"r":1,"o":{"a":0,"k":100,"ix":5}},{"ty":"tr","a":{"a":0,"k":[0,0],"ix":1},"s":{"a":0,"k":[100,100],"ix":3},"sk":{"a":0,"k":0,"ix":4},"p":{"a":0,"k":[201.601,114.667],"ix":2},"r":{"a":0,"k":0,"ix":6},"sa":{"a":0,"k":0,"ix":5},"o":{"a":0,"k":100,"ix":7}}]}],"ind":4},{"ty":4,"nm":"leaf 5/tree Outlines","sr":1,"st":10.0000004073083,"op":100.000004073084,"ip":80.0000032584668,"hd":false,"ddd":0,"bm":0,"hasMask":false,"ao":0,"ks":{"a":{"a":0,"k":[233,109,0],"ix":1},"s":{"a":1,"k":[{"o":{"x":0.333,"y":0},"i":{"x":0.667,"y":1},"s":[13.212,13.212,100],"t":80},{"o":{"x":0.167,"y":0.167},"i":{"x":0.833,"y":0.833},"s":[128.232,128.232,100],"t":82},{"s":[100,100,100],"t":85.000003462121}],"ix":6},"sk":{"a":0,"k":0},"p":{"a":0,"k":[232.5,110,0],"ix":2},"r":{"a":0,"k":0,"ix":10},"sa":{"a":0,"k":0},"o":{"a":0,"k":100,"ix":11}},"ef":[],"shapes":[{"ty":"gr","bm":0,"hd":false,"mn":"ADBE Vector Group","nm":"Group 1","ix":1,"cix":2,"np":2,"it":[{"ty":"sh","bm":0,"hd":false,"mn":"ADBE Vector Shape - Group","nm":"Path 1","ix":1,"d":1,"ks":{"a":0,"k":{"c":true,"i":[[-0.773,0.35],[-1.453,-9.689],[6.906,-5.961],[1.376,0.852],[-0.872,9.66],[-5.515,7.397]],"o":[[6.573,6.9],[1.426,9.503],[-1.332,1.15],[-7.948,-4.917],[0.846,-9.367],[0.124,-0.167]],"v":[[-1.161,-23.839],[12.555,0.091],[2.664,22.689],[-1.328,22.808],[-13.109,1.428],[-2.354,-23.283]]},"ix":2}},{"ty":"fl","bm":0,"hd":false,"mn":"ADBE Vector Graphic - Fill","nm":"Fill 1","c":{"a":0,"k":[0.2196,0.4157,0.6824],"ix":4},"r":1,"o":{"a":0,"k":100,"ix":5}},{"ty":"tr","a":{"a":0,"k":[0,0],"ix":1},"s":{"a":0,"k":[100,100],"ix":3},"sk":{"a":0,"k":0,"ix":4},"p":{"a":0,"k":[231.692,85.021],"ix":2},"r":{"a":0,"k":0,"ix":6},"sa":{"a":0,"k":0,"ix":5},"o":{"a":0,"k":100,"ix":7}}]}],"ind":5},{"ty":4,"nm":"leaf 6/tree Outlines","sr":1,"st":12.00000048877,"op":100.000004073084,"ip":82.0000033399285,"hd":false,"ddd":0,"bm":0,"hasMask":false,"ao":0,"ks":{"a":{"a":0,"k":[241,127,0],"ix":1},"s":{"a":1,"k":[{"o":{"x":0.333,"y":0},"i":{"x":0.667,"y":1},"s":[18.401,18.401,100],"t":82},{"o":{"x":0.167,"y":0.167},"i":{"x":0.833,"y":0.833},"s":[127.294,127.294,100],"t":84},{"s":[100,100,100],"t":87.0000035435826}],"ix":6},"sk":{"a":0,"k":0},"p":{"a":0,"k":[242,124.5,0],"ix":2},"r":{"a":0,"k":0,"ix":10},"sa":{"a":0,"k":0},"o":{"a":0,"k":100,"ix":11}},"ef":[],"shapes":[{"ty":"gr","bm":0,"hd":false,"mn":"ADBE Vector Group","nm":"Group 1","ix":1,"cix":2,"np":2,"it":[{"ty":"sh","bm":0,"hd":false,"mn":"ADBE Vector Shape - Group","nm":"Path 1","ix":1,"d":1,"ks":{"a":0,"k":{"c":true,"i":[[-0.985,-0.178],[0.11,-0.354],[6.8,-6.821],[8.089,0.795],[3.664,0.87],[-0.029,1.647],[-12.483,4.235],[-4.218,0.369],[-4.768,-0.086]],"o":[[0.004,0.663],[-2.804,9.01],[-5.746,5.764],[-3.72,-0.366],[-1.581,-0.376],[0.205,-11.73],[4.006,-1.36],[4.729,-0.414],[0.951,0.018]],"v":[[23.621,-16.684],[23.616,-15.248],[10.3,9.106],[-10.509,16.833],[-21.534,14.398],[-23.697,11.312],[-6.066,-14.649],[6.441,-17.214],[20.739,-17.182]]},"ix":2}},{"ty":"fl","bm":0,"hd":false,"mn":"ADBE Vector Graphic - Fill","nm":"Fill 1","c":{"a":0,"k":[0.2196,0.4157,0.6824],"ix":4},"r":1,"o":{"a":0,"k":100,"ix":5}},{"ty":"tr","a":{"a":0,"k":[0,0],"ix":1},"s":{"a":0,"k":[100,100],"ix":3},"sk":{"a":0,"k":0,"ix":4},"p":{"a":0,"k":[263.902,113.267],"ix":2},"r":{"a":0,"k":0,"ix":6},"sa":{"a":0,"k":0,"ix":5},"o":{"a":0,"k":100,"ix":7}}]}],"ind":6},{"ty":4,"nm":"leaf 7/tree Outlines","sr":1,"st":14.0000005702317,"op":100.000004073084,"ip":84.0000034213901,"hd":false,"ddd":0,"bm":0,"hasMask":false,"ao":0,"ks":{"a":{"a":0,"k":[236,157,0],"ix":1},"s":{"a":1,"k":[{"o":{"x":0.167,"y":0.167},"i":{"x":0.833,"y":0.833},"s":[12.765,12.765,100],"t":84},{"o":{"x":0.167,"y":0.167},"i":{"x":0.833,"y":0.833},"s":[121.992,121.992,100],"t":86},{"s":[100,100,100],"t":89.0000036250443}],"ix":6},"sk":{"a":0,"k":0},"p":{"a":0,"k":[236.5,154,0],"ix":2},"r":{"a":0,"k":0,"ix":10},"sa":{"a":0,"k":0},"o":{"a":0,"k":100,"ix":11}},"ef":[],"shapes":[{"ty":"gr","bm":0,"hd":false,"mn":"ADBE Vector Group","nm":"Group 1","ix":1,"cix":2,"np":2,"it":[{"ty":"sh","bm":0,"hd":false,"mn":"ADBE Vector Shape - Group","nm":"Path 1","ix":1,"d":1,"ks":{"a":0,"k":{"c":true,"i":[[-0.868,-0.858],[0.355,-0.28],[11.541,-2.163],[7.582,6.38],[3.083,3.403],[-1.165,1.635],[-15.467,-4.356],[-4.494,-2.539],[-4.732,-3.376]],"o":[[-0.453,0.669],[-9.034,7.12],[-9.75,1.828],[-3.486,-2.933],[-1.329,-1.468],[8.3,-11.647],[4.965,1.398],[5.039,2.847],[0.945,0.674]],"v":[[34.077,2.12],[33.081,3.56],[2.895,18.847],[-23.347,12.254],[-32.748,2.201],[-32.792,-2.393],[2.839,-16.319],[17.177,-10.266],[31.523,-0.369]]},"ix":2}},{"ty":"fl","bm":0,"hd":false,"mn":"ADBE Vector Graphic - Fill","nm":"Fill 1","c":{"a":0,"k":[0.2196,0.4157,0.6824],"ix":4},"r":1,"o":{"a":0,"k":100,"ix":5}},{"ty":"tr","a":{"a":0,"k":[0,0],"ix":1},"s":{"a":0,"k":[100,100],"ix":3},"sk":{"a":0,"k":0,"ix":4},"p":{"a":0,"k":[270.13,155.684],"ix":2},"r":{"a":0,"k":0,"ix":6},"sa":{"a":0,"k":0,"ix":5},"o":{"a":0,"k":100,"ix":7}}]}],"ind":7},{"ty":4,"nm":"leaf 8/tree Outlines","sr":1,"st":16.0000006516934,"op":100.000004073084,"ip":86.0000035028518,"hd":false,"ddd":0,"bm":0,"hasMask":false,"ao":0,"ks":{"a":{"a":0,"k":[222,184,0],"ix":1},"s":{"a":1,"k":[{"o":{"x":0.167,"y":0.167},"i":{"x":0.833,"y":0.833},"s":[11.136,11.136,100],"t":86},{"o":{"x":0.167,"y":0.167},"i":{"x":0.833,"y":0.833},"s":[122.827,122.827,100],"t":88},{"s":[100,100,100],"t":91.000003706506}],"ix":6},"sk":{"a":0,"k":0},"p":{"a":0,"k":[224.5,181.5,0],"ix":2},"r":{"a":0,"k":0,"ix":10},"sa":{"a":0,"k":0},"o":{"a":0,"k":100,"ix":11}},"ef":[],"shapes":[{"ty":"gr","bm":0,"hd":false,"mn":"ADBE Vector Group","nm":"Group 1","ix":1,"cix":2,"np":2,"it":[{"ty":"sh","bm":0,"hd":false,"mn":"ADBE Vector Shape - Group","nm":"Path 1","ix":1,"d":1,"ks":{"a":0,"k":{"c":true,"i":[[-0.061,-0.827],[0.567,-0.055],[9.688,2.358],[2.129,16.954],[0.077,0.602],[-5.468,1.905],[-8.633,-3.687],[-3.652,-4.304],[-3.636,-11.141]],"o":[[-0.815,0.298],[-9.817,0.935],[-16.58,-4.036],[-0.076,-0.602],[-0.763,-5.881],[8.635,-3.01],[5.247,2.241],[7.674,9.043],[0.144,0.442]],"v":[[30.448,22.247],[28.526,22.93],[-0.771,21.757],[-29.463,-10.421],[-29.685,-12.227],[-24.742,-20.464],[1.178,-20.428],[14.351,-10.344],[30.304,20.471]]},"ix":2}},{"ty":"fl","bm":0,"hd":false,"mn":"ADBE Vector Graphic - Fill","nm":"Fill 1","c":{"a":0,"k":[0.2196,0.4157,0.6824],"ix":4},"r":1,"o":{"a":0,"k":100,"ix":5}},{"ty":"tr","a":{"a":0,"k":[0,0],"ix":1},"s":{"a":0,"k":[100,100],"ix":3},"sk":{"a":0,"k":0,"ix":4},"p":{"a":0,"k":[252.882,201.588],"ix":2},"r":{"a":0,"k":0,"ix":6},"sa":{"a":0,"k":0,"ix":5},"o":{"a":0,"k":100,"ix":7}}]}],"ind":8},{"ty":4,"nm":"branch 1/tree Outlines","sr":1,"st":-8.00000032584668,"op":100.000004073084,"ip":49.0000019958109,"hd":false,"ddd":0,"bm":0,"hasMask":false,"ao":0,"ks":{"a":{"a":0,"k":[200,200,0],"ix":1},"s":{"a":0,"k":[100,100,100],"ix":6},"sk":{"a":0,"k":0},"p":{"a":0,"k":[200,200,0],"ix":2},"r":{"a":0,"k":0,"ix":10},"sa":{"a":0,"k":0},"o":{"a":0,"k":100,"ix":11}},"ef":[{"ty":34,"mn":"ADBE FreePin3","nm":"Puppet","ix":1,"en":1,"ef":[{"ty":7,"mn":"ADBE FreePin3 Puppet Engine","nm":"Puppet Engine","ix":1,"v":{"a":0,"k":2,"ix":1}},{"ty":0,"mn":"ADBE FreePin3 Auto Rotate Pins","nm":"Mesh Rotation Refinement","ix":2,"v":{"a":0,"k":20,"ix":2}},{"ty":7,"mn":"ADBE FreePin3 On Transparent","nm":"On Transparent","ix":3,"v":{"a":0,"k":0,"ix":3}}]}],"shapes":[{"ty":"gr","bm":0,"hd":false,"mn":"ADBE Vector Group","nm":"Group 1","ix":1,"cix":2,"np":2,"it":[{"ty":"sh","bm":0,"hd":false,"mn":"ADBE Vector Shape - Group","nm":"Path 1","ix":1,"d":1,"ks":{"a":1,"k":[{"o":{"x":0.167,"y":0.167},"i":{"x":0.833,"y":0.833},"s":[{"c":true,"i":[[-3.325,-3.195],[-0.419,-2.152],[0,0],[-1.045,1.166]],"o":[[0,0],[0,0],[0,0],[4.428,-4.941]],"v":[[27.884,67.176],[30.978,71.758],[-0.023,71.758],[1.979,68.691]]}],"t":49},{"o":{"x":0.167,"y":0.167},"i":{"x":0.833,"y":0.833},"s":[{"c":true,"i":[[-3.766,-4.076],[-6.294,-49.527],[0,0],[1.159,42.678]],"o":[[0,0],[0,0],[0,0],[-0.009,-5.247]],"v":[[15.747,-8.983],[30.978,71.758],[-0.023,71.758],[1.274,-6.696]]}],"t":55},{"s":[{"c":true,"i":[[-4.134,-4.81],[0,-84.361],[0,0],[49.43,73.405]],"o":[[0,0],[0,0],[0,0],[-3.706,-5.503]],"v":[[-20.491,-66.949],[30.978,71.758],[-0.023,71.758],[-27.271,-60.809]]}],"t":60.0000024438501}],"ix":2}},{"ty":"fl","bm":0,"hd":false,"mn":"ADBE Vector Graphic - Fill","nm":"Fill 1","c":{"a":0,"k":[0.2196,0.4157,0.6824],"ix":4},"r":1,"o":{"a":0,"k":100,"ix":5}},{"ty":"tr","a":{"a":0,"k":[0,0],"ix":1},"s":{"a":0,"k":[100,100],"ix":3},"sk":{"a":0,"k":0,"ix":4},"p":{"a":0,"k":[178.567,180.018],"ix":2},"r":{"a":0,"k":0,"ix":6},"sa":{"a":0,"k":0,"ix":5},"o":{"a":0,"k":100,"ix":7}}]}],"ind":9},{"ty":4,"nm":"branch 2/tree Outlines","sr":1,"st":3.00000012219251,"op":100.000004073084,"ip":60.0000024438501,"hd":false,"ddd":0,"bm":0,"hasMask":false,"ao":0,"ks":{"a":{"a":0,"k":[200,200,0],"ix":1},"s":{"a":0,"k":[100,100,100],"ix":6},"sk":{"a":0,"k":0},"p":{"a":0,"k":[200,200,0],"ix":2},"r":{"a":0,"k":0,"ix":10},"sa":{"a":0,"k":0},"o":{"a":0,"k":100,"ix":11}},"ef":[],"shapes":[{"ty":"gr","bm":0,"hd":false,"mn":"ADBE Vector Group","nm":"Group 1","ix":1,"cix":2,"np":2,"it":[{"ty":"sh","bm":0,"hd":false,"mn":"ADBE Vector Shape - Group","nm":"Path 1","ix":1,"d":1,"ks":{"a":1,"k":[{"o":{"x":0.167,"y":0.167},"i":{"x":0.833,"y":0.833},"s":[{"c":true,"i":[[6.897,-1.746],[0,0],[0,0],[0,0]],"o":[[-3.853,0.976],[0,0],[-0.635,-3.131],[-8.636,-1.797]],"v":[[-30.252,60.921],[-33.286,65.681],[1.28,65.681],[-1.469,61.222]]}],"t":60},{"o":{"x":0.167,"y":0.167},"i":{"x":0.833,"y":0.833},"s":[{"c":true,"i":[[2.124,-4.655],[0,0],[0,0],[0,0]],"o":[[-6.126,23.97],[0,0],[-9.579,-38.949],[-0.727,-5.093]],"v":[[-16.479,-11.17],[-33.286,65.681],[1.28,65.681],[-6.753,-10.858]]}],"t":66},{"s":[{"c":true,"i":[[2.421,-2.227],[0,0],[0,0],[0,0]],"o":[[-45.13,41.496],[0,0],[-17.032,-68.798],[2.505,-2.616]],"v":[[27.998,-63.454],[-33.286,65.681],[1.28,65.681],[30.781,-58.778]]}],"t":71.0000028918893}],"ix":2}},{"ty":"fl","bm":0,"hd":false,"mn":"ADBE Vector Graphic - Fill","nm":"Fill 1","c":{"a":0,"k":[0.2196,0.4157,0.6824],"ix":4},"r":1,"o":{"a":0,"k":100,"ix":5}},{"ty":"tr","a":{"a":0,"k":[0,0],"ix":1},"s":{"a":0,"k":[100,100],"ix":3},"sk":{"a":0,"k":0,"ix":4},"p":{"a":0,"k":[214.105,183.45],"ix":2},"r":{"a":0,"k":0,"ix":6},"sa":{"a":0,"k":0,"ix":5},"o":{"a":0,"k":100,"ix":7}}]}],"ind":10},{"ty":4,"nm":"seed 1/tree Outlines","sr":1,"st":-10.0000004073083,"op":49.0000019958109,"ip":22.0000008960784,"hd":false,"ddd":0,"bm":0,"hasMask":false,"ao":0,"ks":{"a":{"a":0,"k":[200,200,0],"ix":1},"s":{"a":0,"k":[100,100,100],"ix":6},"sk":{"a":0,"k":0},"p":{"a":1,"k":[{"o":{"x":0.333,"y":0},"i":{"x":0.833,"y":0.833},"s":[200,-104,0],"t":22,"ti":[0,-50.6666679382324,0],"to":[0,50.6666679382324,0]},{"s":[200,200,0],"t":27.0000010997325}],"ix":2},"r":{"a":0,"k":0,"ix":10},"sa":{"a":0,"k":0},"o":{"a":1,"k":[{"o":{"x":0.167,"y":0.167},"i":{"x":0.833,"y":0.833},"s":[100],"t":44},{"s":[0],"t":48.0000019550801}],"ix":11}},"ef":[],"shapes":[{"ty":"gr","bm":0,"hd":false,"mn":"ADBE Vector Group","nm":"Group 1","ix":1,"cix":2,"np":2,"it":[{"ty":"sh","bm":0,"hd":false,"mn":"ADBE Vector Shape - Group","nm":"Path 1","ix":1,"d":1,"ks":{"a":0,"k":{"c":true,"i":[[0,2.612],[-0.377,-11.768],[0.083,-1.372],[1.596,0.323],[2.568,0.923],[0.733,7.709]],"o":[[13.759,-0.035],[0.045,1.375],[-0.107,1.769],[-2.686,-0.543],[-7.471,-2.684],[-0.228,-2.404]],"v":[[-10.994,-12.892],[11.118,6.544],[11.105,10.673],[8.937,12.604],[0.958,10.616],[-10.96,-5.431]]},"ix":2}},{"ty":"fl","bm":0,"hd":false,"mn":"ADBE Vector Graphic - Fill","nm":"Fill 1","c":{"a":0,"k":[0.2196,0.4157,0.6824],"ix":4},"r":1,"o":{"a":0,"k":100,"ix":5}},{"ty":"tr","a":{"a":0,"k":[0,0],"ix":1},"s":{"a":0,"k":[100,100],"ix":3},"sk":{"a":0,"k":0,"ix":4},"p":{"a":0,"k":[159.906,326.12],"ix":2},"r":{"a":0,"k":0,"ix":6},"sa":{"a":0,"k":0,"ix":5},"o":{"a":0,"k":100,"ix":7}}]}],"ind":11},{"ty":4,"nm":"seed 2/tree Outlines","sr":1,"st":-13.0000005295009,"op":49.0000019958109,"ip":24.00000097754,"hd":false,"ddd":0,"bm":0,"hasMask":false,"ao":0,"ks":{"a":{"a":0,"k":[200,200,0],"ix":1},"s":{"a":0,"k":[100,100,100],"ix":6},"sk":{"a":0,"k":0},"p":{"a":1,"k":[{"o":{"x":0.167,"y":0.167},"i":{"x":0.833,"y":0.833},"s":[200,-69,0],"t":24,"ti":[0,-44.8333320617676,0],"to":[0,44.8333320617676,0]},{"s":[200,200,0],"t":28.0000011404634}],"ix":2},"r":{"a":0,"k":0,"ix":10},"sa":{"a":0,"k":0},"o":{"a":1,"k":[{"o":{"x":0.167,"y":0.167},"i":{"x":0.833,"y":0.833},"s":[100],"t":44},{"s":[0],"t":48.0000019550801}],"ix":11}},"ef":[],"shapes":[{"ty":"gr","bm":0,"hd":false,"mn":"ADBE Vector Group","nm":"Group 1","ix":1,"cix":2,"np":2,"it":[{"ty":"sh","bm":0,"hd":false,"mn":"ADBE Vector Shape - Group","nm":"Path 1","ix":1,"d":1,"ks":{"a":0,"k":{"c":true,"i":[[-1.122,-5.57],[0.549,-0.076],[4.96,11.872],[0.49,1.791],[-1.305,0.239],[-4.504,-1.777],[-1.662,-1.571]],"o":[[-0.838,0.363],[-11.082,1.552],[-0.713,-1.707],[-0.294,-1.076],[4.694,-0.863],[2.138,0.843],[3.981,3.763]],"v":[[14.187,8.684],[12.292,9.484],[-12.229,-2.426],[-13.893,-7.743],[-12.611,-9.909],[1.303,-9.259],[7.236,-5.585]]},"ix":2}},{"ty":"fl","bm":0,"hd":false,"mn":"ADBE Vector Graphic - Fill","nm":"Fill 1","c":{"a":0,"k":[0.2196,0.4157,0.6824],"ix":4},"r":1,"o":{"a":0,"k":100,"ix":5}},{"ty":"tr","a":{"a":0,"k":[0,0],"ix":1},"s":{"a":0,"k":[100,100],"ix":3},"sk":{"a":0,"k":0,"ix":4},"p":{"a":0,"k":[198.227,300.167],"ix":2},"r":{"a":0,"k":0,"ix":6},"sa":{"a":0,"k":0,"ix":5},"o":{"a":0,"k":100,"ix":7}}]}],"ind":12},{"ty":4,"nm":"seed 3/tree Outlines","sr":1,"st":-10.0000004073083,"op":49.0000019958109,"ip":28.0000011404634,"hd":false,"ddd":0,"bm":0,"hasMask":false,"ao":0,"ks":{"a":{"a":0,"k":[200,200,0],"ix":1},"s":{"a":0,"k":[100,100,100],"ix":6},"sk":{"a":0,"k":0},"p":{"a":1,"k":[{"o":{"x":0.167,"y":0.167},"i":{"x":0.833,"y":0.833},"s":[200,-100,0],"t":28,"ti":[0,-50,0],"to":[0,50,0]},{"s":[200,200,0],"t":32.0000013033867}],"ix":2},"r":{"a":0,"k":0,"ix":10},"sa":{"a":0,"k":0},"o":{"a":1,"k":[{"o":{"x":0.167,"y":0.167},"i":{"x":0.833,"y":0.833},"s":[100],"t":44},{"s":[0],"t":48.0000019550801}],"ix":11,"x":"var $bm_rt;\n$bm_rt = transform.opacity;"}},"ef":[],"shapes":[{"ty":"gr","bm":0,"hd":false,"mn":"ADBE Vector Group","nm":"Group 1","ix":1,"cix":2,"np":2,"it":[{"ty":"sh","bm":0,"hd":false,"mn":"ADBE Vector Shape - Group","nm":"Path 1","ix":1,"d":1,"ks":{"a":0,"k":{"c":true,"i":[[0,0.491],[-0.222,1.255],[-9.345,1.526],[-1.171,0.113],[-0.025,-1.916],[11.614,-2.825],[1.657,-0.099],[0.12,2.162]],"o":[[0.137,-1.373],[1.651,-9.308],[1.164,-0.19],[1.924,-0.186],[0.149,11.029],[-1.615,0.392],[-2.221,0.133],[-0.033,-0.588]],"v":[[-11.623,8.362],[-11.22,4.447],[5.377,-11.878],[8.87,-12.426],[11.503,-10.209],[-3.965,11.731],[-8.908,12.478],[-11.618,10.033]]},"ix":2}},{"ty":"fl","bm":0,"hd":false,"mn":"ADBE Vector Graphic - Fill","nm":"Fill 1","c":{"a":0,"k":[0.2196,0.4157,0.6824],"ix":4},"r":1,"o":{"a":0,"k":100,"ix":5}},{"ty":"tr","a":{"a":0,"k":[0,0],"ix":1},"s":{"a":0,"k":[100,100],"ix":3},"sk":{"a":0,"k":0,"ix":4},"p":{"a":0,"k":[244.771,325.754],"ix":2},"r":{"a":0,"k":0,"ix":6},"sa":{"a":0,"k":0,"ix":5},"o":{"a":0,"k":100,"ix":7}}]}],"ind":13},{"ty":4,"nm":"ground/tree Outlines","sr":1,"st":0,"op":100.000004073084,"ip":0,"hd":false,"ddd":0,"bm":0,"hasMask":true,"ao":0,"ks":{"a":{"a":0,"k":[200,200,0],"ix":1},"s":{"a":0,"k":[100,100,100],"ix":6},"sk":{"a":0,"k":0},"p":{"a":0,"k":[200,200,0],"ix":2},"r":{"a":0,"k":0,"ix":10},"sa":{"a":0,"k":0},"o":{"a":0,"k":100,"ix":11}},"ef":[],"masksProperties":[{"nm":"Mask 1","inv":false,"mode":"a","x":{"a":0,"k":0,"ix":4},"o":{"a":0,"k":100,"ix":3},"pt":{"a":1,"k":[{"o":{"x":0.167,"y":0.167},"i":{"x":0.667,"y":1},"s":[{"c":true,"i":[[0,0],[0,0],[0,0],[0,0]],"o":[[0,0],[0,0],[0,0],[0,0]],"v":[[329.118,232.086],[329.618,325.921],[336.382,324.421],[336.382,232.586]]}],"t":0},{"s":[{"c":true,"i":[[0,0],[0,0],[0,0],[0,0]],"o":[[0,0],[0,0],[0,0],[0,0]],"v":[[65.118,236.586],[65.118,327.421],[339.882,329.421],[339.882,237.586]]}],"t":21.0000008553475}],"ix":1}}],"shapes":[{"ty":"gr","bm":0,"hd":false,"mn":"ADBE Vector Group","nm":"Shape 1","ix":1,"cix":2,"np":2,"it":[{"ty":"st","bm":0,"hd":false,"mn":"ADBE Vector Graphic - Stroke","nm":"Stroke 1","lc":1,"lj":1,"ml":4,"o":{"a":0,"k":100,"ix":4},"w":{"a":0,"k":0,"ix":5},"c":{"a":0,"k":[1,1,1],"ix":3}},{"ty":"fl","bm":0,"hd":false,"mn":"ADBE Vector Graphic - Fill","nm":"Fill 1","c":{"a":0,"k":[0.2196,0.4157,0.6824],"ix":4},"r":1,"o":{"a":0,"k":100,"ix":5}},{"ty":"tr","a":{"a":0,"k":[0,0],"ix":1},"s":{"a":0,"k":[100,100],"ix":3},"sk":{"a":0,"k":0,"ix":4},"p":{"a":0,"k":[0,0],"ix":2},"r":{"a":0,"k":0,"ix":6},"sa":{"a":0,"k":0,"ix":5},"o":{"a":0,"k":100,"ix":7}}]},{"ty":"gr","bm":0,"hd":false,"mn":"ADBE Vector Group","nm":"Group 1","ix":2,"cix":2,"np":2,"it":[{"ty":"sh","bm":0,"hd":false,"mn":"ADBE Vector Shape - Group","nm":"Path 1","ix":1,"d":1,"ks":{"a":0,"k":{"c":true,"i":[[0,-3.443],[3.096,0.35],[12.489,7.955],[7.717,5.091],[7.074,3.039],[13.137,-0.928],[10.665,-6.208],[6.861,-4.415],[7.83,-4.502],[11.248,-1.307],[2.358,-0.124],[-0.001,1.476],[-0.085,2.358],[-1.939,0.065],[-12.368,7.952],[-6.327,4.339],[-7.31,3.687],[-15.136,-0.09],[-14.56,-8.61],[-6.802,-4.327],[-6.894,-3.971],[-9.216,-1.428],[-2.74,-0.229],[-0.063,-2.266]],"o":[[-3.712,-0.198],[-14.866,-1.68],[-7.796,-4.966],[-6.408,-4.228],[-12.036,-5.171],[-12.414,0.877],[-7.043,4.1],[-7.604,4.892],[-9.815,5.643],[-2.339,0.272],[-1.493,0.079],[0.003,-2.361],[0.072,-1.989],[14.864,-0.502],[6.45,-4.148],[6.735,-4.62],[13.501,-6.811],[17.074,0.102],[6.934,4.101],[6.718,4.273],[8.063,4.644],[2.713,0.42],[2.247,0.187],[0.079,2.832]],"v":[[125.362,30.461],[115.419,29.904],[74.685,14.531],[51.56,-0.778],[31.49,-11.961],[-6.17,-18.384],[-40.797,-7.801],[-61.362,5.465],[-84.265,19.99],[-116.081,30.068],[-123.156,30.375],[-125.356,28.312],[-125.337,21.229],[-122.875,18.73],[-82.249,5.277],[-63.201,-7.635],[-42.335,-20.411],[0.58,-30.372],[47.891,-16.833],[68.247,-3.775],[88.511,8.865],[114.53,17.919],[122.741,18.709],[125.343,21.35]]},"ix":2}},{"ty":"fl","bm":0,"hd":false,"mn":"ADBE Vector Graphic - Fill","nm":"Fill 1","c":{"a":0,"k":[0.2196,0.4157,0.6824],"ix":4},"r":1,"o":{"a":0,"k":100,"ix":5}},{"ty":"tr","a":{"a":0,"k":[0,0],"ix":1},"s":{"a":0,"k":[100,100],"ix":3},"sk":{"a":0,"k":0,"ix":4},"p":{"a":0,"k":[199.998,274.459],"ix":2},"r":{"a":0,"k":0,"ix":6},"sa":{"a":0,"k":0,"ix":5},"o":{"a":0,"k":100,"ix":7}}]}],"ind":14}],"v":"5.3.4","fr":29.9700012207031,"op":100.000004073084,"ip":0,"assets":[]}